{
  "model_type": "NumPy Logistic Regression - Student Company Fit",
  "features": [
    "cgpa",
    "internship_months",
    "certifications",
    "projects",
    "aptitude_score",
    "communication_score",
    "min_cgpa",
    "cgpa_gap",
    "aptitude_gap",
    "communication_gap",
    "skill_match",
    "company_package_lpa",
    "selection_difficulty",
    "openings",
    "branch_match"
  ],
  "means": [
    7.830862,
    3.0,
    2.552294,
    3.300917,
    69.510092,
    70.46055,
    6.55211,
    1.278752,
    8.889908,
    10.594495,
    0.432416,
    7.27211,
    51.765138,
    32.568807,
    0.831193
  ],
  "stds": [
    1.075135,
    1.882805,
    1.63716,
    1.836755,
    15.076453,
    15.672649,
    0.657211,
    1.276157,
    17.883691,
    17.519236,
    0.267828,
    2.526656,
    15.457069,
    12.990587,
    0.374582
  ],
  "weights": [
    0.099284,
    0.296272,
    0.078793,
    0.068904,
    -0.048287,
    0.01399,
    -0.33465,
    0.269688,
    0.146424,
    0.022043,
    0.014104,
    0.479752,
    0.078035,
    0.047524,
    0.036599
  ],
  "bias": -1.332052,
  "threshold": 0.5,
  "metrics": {
    "accuracy": 0.8394,
    "precision": 0.0,
    "recall": 0.0,
    "test_records": 137
  }
}